{
  "epoch_f1": {
    "0": 0.6076059984141523,
    "1": 0.6841063427651839,
    "2": 0.7139502164798532,
    "3": 0.7180748153723232,
    "4": 0.7313178015293539,
    "5": 0.7362925312581154,
    "6": 0.7400510608157832,
    "7": 0.7364540513293247,
    "8": 0.7519111072065039,
    "9": 0.7487801977034831,
    "10": 0.7535078574539814,
    "11": 0.7458317377527375
  },
  "best_f1": 0.7535078574539814,
  "best_epoch": 10
}